"id","orig_id","year","track_file","gps_start_raw","gps_stop_raw"
"G001m01","0709M","2012","/Volumes/LP_MstrData/master-data/gemma/all_penguin_tracks/raw/20120911-0709M-G.csv",2012-09-10 19:39:53,2012-09-11 06:05:21
"G001f01","0709F","2012","/Volumes/LP_MstrData/master-data/gemma/all_penguin_tracks/raw/20120912-0709F-G.csv",2012-09-11 13:02:15,2012-09-12 10:59:58
"G002f01","0518F","2012","/Volumes/LP_MstrData/master-data/gemma/all_penguin_tracks/raw/20120921-0518F-I.csv",2012-09-11 19:07:56,2012-09-18 21:13:13
"G003f01","66F","2012","/Volumes/LP_MstrData/master-data/gemma/all_penguin_tracks/raw/20120912-66F-G.csv",2012-09-11 19:23:35,2012-09-12 10:59:46
"G004f01","110F","2012","/Volumes/LP_MstrData/master-data/gemma/all_penguin_tracks/raw/20120913-110F-G.csv",2012-09-12 18:00:35,2012-09-13 09:59:53
"G005f01","0516F","2012","/Volumes/LP_MstrData/master-data/gemma/all_penguin_tracks/raw/20120915-0516F-I.csv",2012-09-12 18:01:24,2012-09-13 04:55:16
"G006f01","809F","2012","/Volumes/LP_MstrData/master-data/gemma/all_penguin_tracks/raw/20120913-809F-G.csv",2012-09-12 18:01:59,2012-09-13 04:12:53
"G007m01","0520M","2012","/Volumes/LP_MstrData/master-data/gemma/all_penguin_tracks/raw/20120916-0520M-I.csv",2012-09-12 18:02:04,2012-09-12 19:07:18
"G008m01","90M","2012","/Volumes/LP_MstrData/master-data/gemma/all_penguin_tracks/raw/20120913-90M-PG.csv",2012-09-12 18:02:06,2012-09-13 09:59:55
"G009f01","0514F","2012","/Volumes/LP_MstrData/master-data/gemma/all_penguin_tracks/raw/20120915-0514F-I.csv",2012-09-12 18:02:28,2012-09-13 09:59:40
"G010f01","0535F","2012","/Volumes/LP_MstrData/master-data/gemma/all_penguin_tracks/raw/20120913-0535F-G.csv",2012-09-12 18:02:29,2012-09-13 09:59:47
"G011f01","0512F","2012","/Volumes/LP_MstrData/master-data/gemma/all_penguin_tracks/raw/20120913-0512F-G.csv",2012-09-12 18:02:51,2012-09-13 09:59:31
"G012f01","4F","2012","/Volumes/LP_MstrData/master-data/gemma/all_penguin_tracks/raw/20120916-4F-I.csv",2012-09-12 18:03:17,2012-09-13 09:59:54
"G006m01","809M","2012","/Volumes/LP_MstrData/master-data/gemma/all_penguin_tracks/raw/20120916-809M-G.csv",2012-09-13 18:01:35,2012-09-14 10:59:45
"G008f01","90F","2012","/Volumes/LP_MstrData/master-data/gemma/all_penguin_tracks/raw/20120915-90F-PG.csv",2012-09-13 18:01:58,2012-09-14 10:58:53
"G004m01","110M","2012","/Volumes/LP_MstrData/master-data/gemma/all_penguin_tracks/raw/20120915-110M-G.csv",2012-09-13 18:02:36,2012-09-14 10:58:50
"G010m01","0535M","2012","/Volumes/LP_MstrData/master-data/gemma/all_penguin_tracks/raw/20120915-0535M-G.csv",2012-09-13 18:02:50,2012-09-14 10:59:55
"G013f01","0543F","2012","/Volumes/LP_MstrData/master-data/gemma/all_penguin_tracks/raw/20120915-0543F-G.csv",2012-09-13 18:02:58,2012-09-14 10:59:52
"G014f01","0534F","2012","/Volumes/LP_MstrData/master-data/gemma/all_penguin_tracks/raw/20120915-0534F-G.csv",2012-09-13 18:03:27,2012-09-14 03:19:50
"G015f01","0532F","2012","/Volumes/LP_MstrData/master-data/gemma/all_penguin_tracks/raw/20120921-0532F-I.csv",2012-09-13 19:00:03,2012-09-14 07:12:49
"G016f01","0530F","2012","/Volumes/LP_MstrData/master-data/gemma/all_penguin_tracks/raw/20120916-0530F-I.csv",2012-09-14 18:01:34,2012-09-15 22:22:48
"G009m01","0514M","2012","/Volumes/LP_MstrData/master-data/gemma/all_penguin_tracks/raw/20120916-0514M-I.csv",2012-09-14 18:01:53,2012-09-15 21:19:48
"G011m01","0512M","2012","/Volumes/LP_MstrData/master-data/gemma/all_penguin_tracks/raw/20120916-0512M-G.csv",2012-09-14 18:02:04,2012-09-15 14:54:40
"G013m01","0543M","2012","/Volumes/LP_MstrData/master-data/gemma/all_penguin_tracks/raw/20120916-0543M-G.csv",2012-09-14 18:02:21,2012-09-15 02:50:19
"G017f01","444F","2012","/Volumes/LP_MstrData/master-data/gemma/all_penguin_tracks/raw/20120916-444F-G.csv",2012-09-14 18:02:36,2012-09-15 10:59:51
"G005m01","0516M","2012","/Volumes/LP_MstrData/master-data/gemma/all_penguin_tracks/raw/20120916-0516M-I.csv",2012-09-14 18:02:57,2012-09-15 14:52:56
"G007f01","0520F","2012","/Volumes/LP_MstrData/master-data/gemma/all_penguin_tracks/raw/20120921-0520F-I.csv",2012-09-15 18:02:04,2012-09-16 19:29:21
"G018f01","0729F","2012","/Volumes/LP_MstrData/master-data/gemma/all_penguin_tracks/raw/20120917-0729F-G.csv",2012-09-15 18:02:34,2012-09-16 10:59:58
"G017m01","444M","2012","/Volumes/LP_MstrData/master-data/gemma/all_penguin_tracks/raw/20120917-444M-G.csv",2012-09-15 18:02:52,2012-09-16 10:59:54
"G014m01","0534M","2012","/Volumes/LP_MstrData/master-data/gemma/all_penguin_tracks/raw/20120917-0534M-G.csv",2012-09-15 18:06:33,2012-09-16 10:59:56
"G012m01","4M","2012","/Volumes/LP_MstrData/master-data/gemma/all_penguin_tracks/raw/20120917-4M-I.csv",2012-09-15 18:14:30,2012-09-16 14:02:16
"G019f01","0987F","2012","/Volumes/LP_MstrData/master-data/gemma/all_penguin_tracks/raw/20120921-0987F-I.csv",2012-09-16 18:01:05,2012-09-17 06:08:13
"G020m01","0542M","2012","/Volumes/LP_MstrData/master-data/gemma/all_penguin_tracks/raw/20120921-0542M-I.csv",2012-09-16 18:01:34,2012-09-18 01:10:03
"G021f01","911F","2012","/Volumes/LP_MstrData/master-data/gemma/all_penguin_tracks/raw/20120921-911F-I.csv",2012-09-16 18:02:04,2012-09-18 12:59:18
"G022m01","0511M","2012","/Volumes/LP_MstrData/master-data/gemma/all_penguin_tracks/raw/20120921-0511M-I.csv",2012-09-16 18:02:29,2012-09-18 09:05:45
"G023m01","0521M","2012","/Volumes/LP_MstrData/master-data/gemma/all_penguin_tracks/raw/20120922-0521M-I.csv",2012-09-16 18:02:35,2012-09-18 09:28:42
"G024f01","E3F","2012","/Volumes/LP_MstrData/master-data/gemma/all_penguin_tracks/raw/20120925-E3F.csv",2012-09-22 18:01:57,2012-09-23 16:00:05
"G025f01","88888F","2012","/Volumes/LP_MstrData/master-data/gemma/all_penguin_tracks/raw/20120924-88888F.csv",2012-09-22 18:02:35,2012-09-23 20:56:10
"G026f01","E2F","2012","/Volumes/LP_MstrData/master-data/gemma/all_penguin_tracks/raw/20120924-E2F.csv",2012-09-22 18:02:59,2012-09-23 22:34:10
"G027f01","E5F","2012","/Volumes/LP_MstrData/master-data/gemma/all_penguin_tracks/raw/20120925-E5F.csv",2012-09-22 18:30:58,2012-09-24 02:18:56
"G028m01","0520M2","2012","/Volumes/LP_MstrData/master-data/gemma/all_penguin_tracks/raw/20120926-0520M2.csv",2012-09-23 18:02:23,2012-09-26 02:31:42
"G025m01","88888M","2012","/Volumes/LP_MstrData/master-data/gemma/all_penguin_tracks/raw/20120925-88888M.csv",2012-09-23 18:02:28,2012-09-25 01:06:05
"G029m01","E1M","2012","/Volumes/LP_MstrData/master-data/gemma/all_penguin_tracks/raw/20120925-E1M.csv",2012-09-23 18:07:59,2012-09-25 00:57:32
"G030f01","E4F","2012","/Volumes/LP_MstrData/master-data/gemma/all_penguin_tracks/raw/20120926-E4F.csv",2012-09-24 18:01:28,2012-09-25 09:59:46
"G031f01","809F2","2012","/Volumes/LP_MstrData/master-data/gemma/all_penguin_tracks/raw/20120926-809F2.csv",2012-09-24 18:01:52,2012-09-25 04:40:13
"G029f01","E1F","2012","/Volumes/LP_MstrData/master-data/gemma/all_penguin_tracks/raw/20120926-E1F.csv",2012-09-24 18:02:58,2012-09-25 09:19:18
"G032u01","E5","2012","/Volumes/LP_MstrData/master-data/gemma/all_penguin_tracks/raw/20121031-E5.csv",2012-09-24 19:01:35,2012-09-26 19:54:22
"G033m01","0512","2012","/Volumes/LP_MstrData/master-data/gemma/all_penguin_tracks/raw/20121031-0512.csv",2012-09-25 19:02:05,2012-10-03 04:03:56
"G032m01","E4","2012","/Volumes/LP_MstrData/master-data/gemma/all_penguin_tracks/raw/20121031-E4.csv",2012-09-25 19:02:21,2012-10-02 22:05:47
"G034f01","0709","2012","/Volumes/LP_MstrData/master-data/gemma/all_penguin_tracks/raw/20121031-0709.csv",2012-09-25 19:02:22,2012-10-02 19:50:46
"G012m02","4M","2012","/Volumes/LP_MstrData/master-data/gemma/all_penguin_tracks/raw/20121031-4M.csv",2012-09-25 19:06:52,2012-10-02 21:37:33
"G009m02","0514M","2012","/Volumes/LP_MstrData/master-data/gemma/all_penguin_tracks/raw/20121003-0514M.csv",2012-09-25 20:48:40,2012-09-25 23:50:48
"G035m01","0519M","2012","/Volumes/LP_MstrData/master-data/gemma/all_penguin_tracks/raw/20121110-0519M.csv",2012-11-08 09:54:00,2012-11-09 02:56:37
"G014m02","0534M","2012","/Volumes/LP_MstrData/master-data/gemma/all_penguin_tracks/raw/20121111-0534M.csv",2012-11-08 17:04:58,2012-11-09 19:04:52
"G007m02","0520M","2012","/Volumes/LP_MstrData/master-data/gemma/all_penguin_tracks/raw/20121112-0520M.csv",2012-11-09 17:01:58,2012-11-11 06:08:55
"G008m02","90M","2012","/Volumes/LP_MstrData/master-data/gemma/all_penguin_tracks/raw/20121111-90M.csv",2012-11-09 17:02:22,2012-11-10 04:25:11
"G036f01","0809F","2012","/Volumes/LP_MstrData/master-data/gemma/all_penguin_tracks/raw/20121112-0809F.csv",2012-11-10 17:00:59,2012-11-11 09:59:54
"G014f02","0534F","2012","/Volumes/LP_MstrData/master-data/gemma/all_penguin_tracks/raw/20121114-0534F.csv",2012-11-10 23:04:52,2012-11-11 03:56:56
"G036m01","0809M","2012","/Volumes/LP_MstrData/master-data/gemma/all_penguin_tracks/raw/20121113-0809M.csv",2012-11-11 17:01:53,2012-11-11 18:27:04
"G008f02","90F","2012","/Volumes/LP_MstrData/master-data/gemma/all_penguin_tracks/raw/20121113-90F.csv",2012-11-11 17:02:04,2012-11-11 20:49:09
"G011f02","0512F","2012","/Volumes/LP_MstrData/master-data/gemma/all_penguin_tracks/raw/20121116-0512F.csv",2012-11-13 17:01:05,2012-11-15 09:59:52
"G009m03","0514M","2012","/Volumes/LP_MstrData/master-data/gemma/all_penguin_tracks/raw/20121119-0514M.csv",2012-11-17 17:00:35,2012-11-18 18:27:16
"G003m01","66M","2012","/Volumes/LP_MstrData/master-data/gemma/all_penguin_tracks/raw/20121214-66M.csv",2012-11-19 17:01:58,2012-11-21 05:06:09
"G014f03","0534F","2012","/Volumes/LP_MstrData/master-data/gemma/all_penguin_tracks/raw/20121215-0534F.csv",2012-12-13 17:02:04,2012-12-13 19:24:18
"G037u01","spunky","2012","/Volumes/LP_MstrData/master-data/gemma/all_penguin_tracks/raw/20121216-spunky.csv",2012-12-14 17:01:35,2012-12-16 07:47:23
"G021f02","911F","2012","/Volumes/LP_MstrData/master-data/gemma/all_penguin_tracks/raw/20121216-911F.csv",2012-12-14 17:02:30,2012-12-15 09:59:51
"G006f02","809F","2012","/Volumes/LP_MstrData/master-data/gemma/all_penguin_tracks/raw/20121216-809F.csv",2012-12-14 17:02:38,2012-12-15 22:42:21
"G017f02","444F","2012","/Volumes/LP_MstrData/master-data/gemma/all_penguin_tracks/raw/20121217-444F.csv",2012-12-15 17:02:34,2012-12-16 23:55:01
"G021f03","911F","2012","/Volumes/LP_MstrData/master-data/gemma/all_penguin_tracks/raw/20121217-911F.csv",2012-12-15 17:02:34,2012-12-16 09:59:45
"G016m01","0530M","2012","/Volumes/LP_MstrData/master-data/gemma/all_penguin_tracks/raw/20121217-0530M.csv",2012-12-15 17:04:04,2012-12-16 09:59:50
"G001m02","0709M","2012","/Volumes/LP_MstrData/master-data/gemma/all_penguin_tracks/raw/20121217-0709M.csv",2012-12-15 17:59:30,2012-12-16 09:59:48
"G017m02","444M","2012","/Volumes/LP_MstrData/master-data/gemma/all_penguin_tracks/raw/20121217-444M.csv",2012-12-16 17:02:34,2012-12-17 09:59:58
"G038f01","Gladys","2012","/Volumes/LP_MstrData/master-data/gemma/all_penguin_tracks/raw/20121218-Gladys.csv",2012-12-16 17:52:13,2012-12-17 23:29:26
"G039m01","702M","2012","/Volumes/LP_MstrData/master-data/gemma/all_penguin_tracks/raw/20121218-702M.csv",2012-12-17 16:02:22,2012-12-18 03:08:30
"G040m01","Glen","2012","/Volumes/LP_MstrData/master-data/gemma/all_penguin_tracks/raw/20121218-Glen.csv",2012-12-17 16:07:51,2012-12-17 22:33:10
"G003m02","66M","2012","/Volumes/LP_MstrData/master-data/gemma/all_penguin_tracks/raw/20121220-66M.csv",2012-12-18 16:02:05,2012-12-19 09:59:56
"G041f01","8F","2013","/Volumes/LP_MstrData/master-data/gemma/all_penguin_tracks/raw/20130913-8F-G.csv",2013-09-12 18:04:05,2013-09-13 09:59:25
"G041m01","8M","2013","/Volumes/LP_MstrData/master-data/gemma/all_penguin_tracks/raw/20130914-8M-G.csv",2013-09-13 18:01:52,2013-09-14 09:59:53
"G042m01","23M","2013","/Volumes/LP_MstrData/master-data/gemma/all_penguin_tracks/raw/20130914-23M-G.csv",2013-09-13 18:02:04,2013-09-14 09:59:43
"G043f01","6F","2013","/Volumes/LP_MstrData/master-data/gemma/all_penguin_tracks/raw/20130916-6F-I.csv",2013-09-13 18:02:04,2013-09-16 09:58:29
"G044f01","10F","2013","/Volumes/LP_MstrData/master-data/gemma/all_penguin_tracks/raw/20130916-10F-I.csv",2013-09-13 18:02:35,2013-09-16 09:58:28
"G045m01","707M","2013","/Volumes/LP_MstrData/master-data/gemma/all_penguin_tracks/raw/20130915-707M(accel)-I.csv",2013-09-13 18:03:06,2013-09-15 09:53:03
"G046f01","2F","2013","/Volumes/LP_MstrData/master-data/gemma/all_penguin_tracks/raw/20130916-2F(accel)-I.csv",2013-09-13 18:03:35,2013-09-16 09:57:59
"G047m01","9aM","2013","/Volumes/LP_MstrData/master-data/gemma/all_penguin_tracks/raw/20130915-9aM-G.csv",2013-09-13 18:09:34,2013-09-15 02:32:16
"G048m01","4M","2013","/Volumes/LP_MstrData/master-data/gemma/all_penguin_tracks/raw/20130917-4M-I.csv",2013-09-13 18:50:04,2013-09-16 06:03:13
"G049m01","7M","2013","/Volumes/LP_MstrData/master-data/gemma/all_penguin_tracks/raw/20130914-7M-I.csv",2013-09-13 18:52:09,2013-09-14 09:58:53
"G050f01","701F","2013","/Volumes/LP_MstrData/master-data/gemma/all_penguin_tracks/raw/20130920-701F-I.csv",2013-09-14 18:17:34,2013-09-18 04:21:04
"G045f01","707F","2013","/Volumes/LP_MstrData/master-data/gemma/all_penguin_tracks/raw/20130919-707F(accel)-I.csv",2013-09-15 18:02:05,2013-09-18 01:25:57
"G047m02","9aM","2013","/Volumes/LP_MstrData/master-data/gemma/all_penguin_tracks/raw/20130917-9aM-G.csv",2013-09-15 18:02:22,2013-09-17 09:19:31
"G051m01","15M","2013","/Volumes/LP_MstrData/master-data/gemma/all_penguin_tracks/raw/20130918-15M-I.csv",2013-09-16 18:01:34,2013-09-18 09:57:57
"G044m01","10M","2013","/Volumes/LP_MstrData/master-data/gemma/all_penguin_tracks/raw/20130919-10M-I.csv",2013-09-16 18:03:59,2013-09-19 09:58:04
"G052m01","702M","2013","/Volumes/LP_MstrData/master-data/gemma/all_penguin_tracks/raw/20130918-702M-I.csv",2013-09-17 18:29:35,2013-09-18 09:56:59
"G047f01","9aF","2013","/Volumes/LP_MstrData/master-data/gemma/all_penguin_tracks/raw/20130919-9aF(accel)-G.csv",2013-09-17 18:33:48,2013-09-18 09:59:50
"G053f01","20F","2013","/Volumes/LP_MstrData/master-data/gemma/all_penguin_tracks/raw/20130918-20F-G.csv",2013-09-17 18:54:35,2013-09-18 09:58:04
"G042f01","23F","2013","/Volumes/LP_MstrData/master-data/gemma/all_penguin_tracks/raw/20130919-23F-G.csv",2013-09-18 18:02:05,2013-09-19 09:59:39
"G054m01","0522M","2013","/Volumes/LP_MstrData/master-data/gemma/all_penguin_tracks/raw/20130920-0522M(accel)-G.csv",2013-09-19 17:02:06,2013-09-20 09:59:36
"G055m01","0527M","2013","/Volumes/LP_MstrData/master-data/gemma/all_penguin_tracks/raw/20130920-0527M-G.csv",2013-09-19 17:02:22,2013-09-20 09:59:29
"G056m01","0525M","2013","/Volumes/LP_MstrData/master-data/gemma/all_penguin_tracks/raw/20130920-0525M-G.csv",2013-09-19 17:08:47,2013-09-20 09:59:53
"G057f01","0501F","2013","/Volumes/LP_MstrData/master-data/gemma/all_penguin_tracks/raw/20130922-0501F(accel)-G.csv",2013-09-20 17:02:28,2013-09-21 09:59:33
"G054f01","0522F","2013","/Volumes/LP_MstrData/master-data/gemma/all_penguin_tracks/raw/20130922-0522F(accel)-G.csv",2013-09-20 17:15:37,2013-09-21 09:59:40
"G057m01","0501M","2013","/Volumes/LP_MstrData/master-data/gemma/all_penguin_tracks/raw/20130922-0501M(accel)-G.csv",2013-09-21 17:02:21,2013-09-22 09:59:52
"G058f01","521F","2013","/Volumes/LP_MstrData/master-data/gemma/all_penguin_tracks/raw/20131104-521F-PG.csv",2013-11-02 17:02:06,2013-11-03 09:59:53
"G059m01","5M","2013","/Volumes/LP_MstrData/master-data/gemma/all_penguin_tracks/raw/20131106-5M-PG.csv",2013-11-02 17:02:28,2013-11-04 03:28:59
"G060m01","511M","2013","/Volumes/LP_MstrData/master-data/gemma/all_penguin_tracks/raw/20131104-511M-PG.csv",2013-11-02 17:02:34,2013-11-03 09:59:36
"G045m02","707M","2013","/Volumes/LP_MstrData/master-data/gemma/all_penguin_tracks/raw/20131104-707M-PG.csv",2013-11-02 17:03:36,2013-11-02 22:09:04
"G061m01","505M","2013","/Volumes/LP_MstrData/master-data/gemma/all_penguin_tracks/raw/20131104-505M-PG.csv",2013-11-02 17:03:40,2013-11-03 09:59:30
"G061f01","505F","2013","/Volumes/LP_MstrData/master-data/gemma/all_penguin_tracks/raw/20131104-505F-PG.csv",2013-11-02 17:06:39,2013-11-03 09:59:11
"G062m01","705M","2013","/Volumes/LP_MstrData/master-data/gemma/all_penguin_tracks/raw/20131104-705M-G.csv",2013-11-02 17:24:35,2013-11-02 19:56:02
"G044f02","10F","2013","/Volumes/LP_MstrData/master-data/gemma/all_penguin_tracks/raw/20131104-10F-G.csv",2013-11-02 18:19:23,2013-11-03 09:59:50
"G063f01","0514F","2013","/Volumes/LP_MstrData/master-data/gemma/all_penguin_tracks/raw/20131105-0514F-PG.csv",2013-11-02 18:23:30,2013-11-04 05:39:52
"G064m01","0529M","2013","/Volumes/LP_MstrData/master-data/gemma/all_penguin_tracks/raw/20131105-0529M-I.csv",2013-11-02 18:26:28,2013-11-04 09:58:45
"G045f02","707F","2013","/Volumes/LP_MstrData/master-data/gemma/all_penguin_tracks/raw/20131105-707F-PG.csv",2013-11-03 09:54:00,2013-11-04 10:59:39
"G044m02","10M","2013","/Volumes/LP_MstrData/master-data/gemma/all_penguin_tracks/raw/20131105-10M-G.csv",2013-11-03 17:02:04,2013-11-04 09:59:56
"G062f01","705F","2013","/Volumes/LP_MstrData/master-data/gemma/all_penguin_tracks/raw/20131105-705F-G.csv",2013-11-03 17:02:06,2013-11-04 09:59:22
"G050m01","701M","2013","/Volumes/LP_MstrData/master-data/gemma/all_penguin_tracks/raw/20131105-701M-PG.csv",2013-11-03 17:02:35,2013-11-04 10:59:36
"G050f02","701F","2013","/Volumes/LP_MstrData/master-data/gemma/all_penguin_tracks/raw/20131105-701F-PG.csv",2013-11-03 17:03:23,2013-11-04 10:42:41
"G065m01","0511M","2013","/Volumes/LP_MstrData/master-data/gemma/all_penguin_tracks/raw/20131105-0511M-PG.csv",2013-11-03 17:04:17,2013-11-04 10:47:08
"G066f01","24F","2013","/Volumes/LP_MstrData/master-data/gemma/all_penguin_tracks/raw/20131106-24F(accel).csv",2013-11-04 17:02:34,2013-11-06 10:59:52
"G067m01","514M","2013","/Volumes/LP_MstrData/master-data/gemma/all_penguin_tracks/raw/20131106-514M(accel).csv",2013-11-04 17:02:34,2013-11-06 07:35:53
"G066m01","24M","2013","/Volumes/LP_MstrData/master-data/gemma/all_penguin_tracks/raw/20131106-24M-G.csv",2013-11-05 17:01:52,2013-11-06 10:59:41
"G050f03","701F","2013","/Volumes/LP_MstrData/master-data/gemma/all_penguin_tracks/raw/20131106-701F(accel).csv",2013-11-05 17:02:45,2013-11-06 10:59:32
"G068m01","703M","2013","/Volumes/LP_MstrData/master-data/gemma/all_penguin_tracks/raw/20131108-703M(accel).csv",2013-11-06 17:01:05,2013-11-07 19:59:11
"G047m03","9aM","2013","/Volumes/LP_MstrData/master-data/gemma/all_penguin_tracks/raw/20131110-9aM-I.csv",2013-11-07 17:03:22,2013-11-09 10:58:22
"G046f02","2F","2013","/Volumes/LP_MstrData/master-data/gemma/all_penguin_tracks/raw/20131110-2F(accel).csv",2013-11-08 17:01:04,2013-11-10 10:21:13
"G052m02","702M","2013","/Volumes/LP_MstrData/master-data/gemma/all_penguin_tracks/raw/20131109-702M(accel).csv",2013-11-08 17:02:51,2013-11-09 10:59:23
"G069m01","19M","2013","/Volumes/LP_MstrData/master-data/gemma/all_penguin_tracks/raw/20131110-19M(accel).csv",2013-11-09 17:02:23,2013-11-10 10:59:46
"G069f01","19F","2013","/Volumes/LP_MstrData/master-data/gemma/all_penguin_tracks/raw/20131112-19F(accel).csv",2013-11-10 17:02:34,2013-11-12 10:42:19
"G070f01","13F","2013","/Volumes/LP_MstrData/master-data/gemma/all_penguin_tracks/raw/20131206-13F(accel).csv",2013-12-05 19:22:24,2013-12-06 11:51:23
"G044f03","10F","2013","/Volumes/LP_MstrData/master-data/gemma/all_penguin_tracks/raw/20131207-10F(accel).csv",2013-12-05 19:23:51,2013-12-07 09:59:56
"G050m02","701M","2013","/Volumes/LP_MstrData/master-data/gemma/all_penguin_tracks/raw/20131206-701M-I.csv",2013-12-05 19:37:34,2013-12-06 10:59:27
"G047f02","9aF","2013","/Volumes/LP_MstrData/master-data/gemma/all_penguin_tracks/raw/20131207-9aF(accel).csv",2013-12-05 20:47:37,2013-12-07 09:28:48
"G043m01","6M","2013","/Volumes/LP_MstrData/master-data/gemma/all_penguin_tracks/raw/20131206-6M-I.csv",2013-12-05 22:02:35,2013-12-06 11:49:56
"G062f02","705F","2013","/Volumes/LP_MstrData/master-data/gemma/all_penguin_tracks/raw/20131207-705F-PG.csv",2013-12-06 22:57:20,2013-12-07 12:10:14
"G047m04","9aM","2013","/Volumes/LP_MstrData/master-data/gemma/all_penguin_tracks/raw/20131210-9aM(accel).csv",2013-12-08 18:02:22,2013-12-09 12:59:05
"G050f04","701F","2013","/Volumes/LP_MstrData/master-data/gemma/all_penguin_tracks/raw/20131210-701F-I.csv",2013-12-08 18:04:57,2013-12-10 10:58:13
"G071m01","0539M","2013","/Volumes/LP_MstrData/master-data/gemma/all_penguin_tracks/raw/20131214-0539M(accel).csv",2013-12-09 18:40:14,2013-12-13 10:58:38
"G071f01","0539F","2013","/Volumes/LP_MstrData/master-data/gemma/all_penguin_tracks/raw/20131212-0539F(accel).csv",2013-12-11 19:07:04,2013-12-12 12:20:27
"G072f01","100F","2013","/Volumes/LP_MstrData/master-data/gemma/all_penguin_tracks/raw/20131212-100F(accel).csv",2013-12-11 19:56:05,2013-12-12 12:22:46
"G073f01","66F","2013","/Volumes/LP_MstrData/master-data/gemma/all_penguin_tracks/raw/20131214-66F(accel).csv",2013-12-13 19:47:59,2013-12-14 12:10:29
"G074f01","101F","2013","/Volumes/LP_MstrData/master-data/gemma/all_penguin_tracks/raw/20131214-101F-G.csv",2013-12-13 19:51:29,2013-12-14 10:59:11
"G075f01","144NF","2014","/Volumes/LP_MstrData/master-data/gemma/all_penguin_tracks/raw/20140914-144NF(accel)-I.csv",2014-09-11 18:01:58,2014-09-14 01:13:23
"G076f01","0534F","2014","/Volumes/LP_MstrData/master-data/gemma/all_penguin_tracks/raw/20140913-0534F.csv",2014-09-11 18:02:04,2014-09-12 08:59:23
"G077f01","148F","2014","/Volumes/LP_MstrData/master-data/gemma/all_penguin_tracks/raw/20140913-148F(accel)-G.csv",2014-09-11 18:02:27,2014-09-12 08:59:52
"G076m01","0534M","2014","/Volumes/LP_MstrData/master-data/gemma/all_penguin_tracks/raw/20140913-0534M(accel)-I.csv",2014-09-11 18:02:28,2014-09-12 08:59:34
"G078m01","0524M","2014","/Volumes/LP_MstrData/master-data/gemma/all_penguin_tracks/raw/20140913-0524M(accel)-G.csv",2014-09-11 18:02:35,2014-09-12 08:59:47
"G079f01","0539F","2014","/Volumes/LP_MstrData/master-data/gemma/all_penguin_tracks/raw/20140913-0539F(accel)-G.csv",2014-09-11 18:36:03,2014-09-12 08:59:57
"G080m01","0511M","2014","/Volumes/LP_MstrData/master-data/gemma/all_penguin_tracks/raw/20140913-0511M-I(accel).csv",2014-09-11 19:02:53,2014-09-12 09:58:38
"G081m01","0543M","2014","/Volumes/LP_MstrData/master-data/gemma/all_penguin_tracks/raw/20140915-0543M(accel)-I.csv",2014-09-12 18:00:37,2014-09-15 08:58:41
"G082u01","215914","2014","/Volumes/LP_MstrData/master-data/gemma/all_penguin_tracks/raw/20140913-215914-X2-G.csv",2014-09-12 18:02:04,2014-09-13 08:59:48
"G083m01","144WM","2014","/Volumes/LP_MstrData/master-data/gemma/all_penguin_tracks/raw/20140915-144WM-I.csv",2014-09-12 18:21:13,2014-09-15 08:59:56
"G080f01","0511F","2014","/Volumes/LP_MstrData/master-data/gemma/all_penguin_tracks/raw/20140914-0511F.csv",2014-09-12 18:51:05,2014-09-14 08:59:37
"G076f02","0534F","2014","/Volumes/LP_MstrData/master-data/gemma/all_penguin_tracks/raw/20140914-0534F(accel)-I.csv",2014-09-13 18:01:57,2014-09-14 08:59:19
"G075m01","144NM","2014","/Volumes/LP_MstrData/master-data/gemma/all_penguin_tracks/raw/20140915-144NM(accel)-I.csv",2014-09-14 18:01:35,2014-09-15 02:05:50
"G084f01","0526F","2014","/Volumes/LP_MstrData/master-data/gemma/all_penguin_tracks/raw/20140919-0526F(accel)-I.csv",2014-09-14 18:56:29,2014-09-17 08:57:53
"G081f01","0543F","2014","/Volumes/LP_MstrData/master-data/gemma/all_penguin_tracks/raw/20140917-0543F(accel)-I.csv",2014-09-15 18:01:58,2014-09-17 08:59:29
"G083f01","144WF","2014","/Volumes/LP_MstrData/master-data/gemma/all_penguin_tracks/raw/20140917-144WF(accel)-I.csv",2014-09-15 19:31:59,2014-09-17 08:59:35
"G084m01","0526M","2014","/Volumes/LP_MstrData/master-data/gemma/all_penguin_tracks/raw/20140920-0526M(accel)-I.csv",2014-09-17 18:01:35,2014-09-20 02:07:43
"G085m01","0519M","2014","/Volumes/LP_MstrData/master-data/gemma/all_penguin_tracks/raw/20140919-0519M(accel)-I.csv",2014-09-17 18:02:52,2014-09-18 08:59:31
"G085f01","0519F","2014","/Volumes/LP_MstrData/master-data/gemma/all_penguin_tracks/raw/20140920-0519F(accel)-I.csv",2014-09-18 18:02:05,2014-09-20 08:59:49
"G086f01","0526","2014","/Volumes/LP_MstrData/master-data/gemma/all_penguin_tracks/raw/20140927-095314 LP 0526.csv",2014-09-18 18:02:32,2014-09-20 19:44:32
"G087m01","0514M","2014","/Volumes/LP_MstrData/master-data/gemma/all_penguin_tracks/raw/20140927-0514M(accel)-I.csv",2014-09-18 18:04:50,2014-09-21 01:35:16
"G088m01","24M","2014","/Volumes/LP_MstrData/master-data/gemma/all_penguin_tracks/raw/20141117-24M(accel).csv",2014-11-15 17:02:07,2014-11-16 09:59:57
"G089f01","23F","2014","/Volumes/LP_MstrData/master-data/gemma/all_penguin_tracks/raw/20141118-23F-PG.csv",2014-11-15 17:58:59,2014-11-17 07:13:30
"G089m01","23M","2014","/Volumes/LP_MstrData/master-data/gemma/all_penguin_tracks/raw/20141117-23M-PG.csv",2014-11-15 18:04:08,2014-11-16 09:59:36
"G090m01","11M","2014","/Volumes/LP_MstrData/master-data/gemma/all_penguin_tracks/raw/20141120-11M-PG.csv",2014-11-16 17:02:01,2014-11-17 20:35:25
"G088f01","24F","2014","/Volumes/LP_MstrData/master-data/gemma/all_penguin_tracks/raw/20141120-24F(accel).csv",2014-11-16 17:52:03,2014-11-17 05:40:12
"G076m02","0534M","2014","/Volumes/LP_MstrData/master-data/gemma/all_penguin_tracks/raw/20141120-0534M(accel).csv",2014-11-17 09:26:54,2014-11-20 05:03:25
"G091f01","0505F","2014","/Volumes/LP_MstrData/master-data/gemma/all_penguin_tracks/raw/20141121-0505F(accel).csv",2014-11-17 17:02:35,2014-11-19 09:59:35
"G092f01","0522F","2014","/Volumes/LP_MstrData/master-data/gemma/all_penguin_tracks/raw/20141122-0522F(accel).csv",2014-11-18 17:05:29,2014-11-20 08:53:11
"G078f01","0524F","2014","/Volumes/LP_MstrData/master-data/gemma/all_penguin_tracks/raw/20141206-0524F(accel).csv",2014-11-19 17:03:54,2014-11-20 18:03:04
"G093m01","0540M","2014","/Volumes/LP_MstrData/master-data/gemma/all_penguin_tracks/raw/20141121-0540M-PG.csv",2014-11-20 17:01:36,2014-11-21 09:59:37
"G094f01","0704F","2014","/Volumes/LP_MstrData/master-data/gemma/all_penguin_tracks/raw/20141121-0704F(accel).csv",2014-11-20 17:02:36,2014-11-21 09:59:58
"G095f01","1F","2014","/Volumes/LP_MstrData/master-data/gemma/all_penguin_tracks/raw/20141207-1F(accel)-G.csv",2014-12-05 17:14:22,2014-12-06 09:58:57
"G092m01","0522M","2014","/Volumes/LP_MstrData/master-data/gemma/all_penguin_tracks/raw/20141207-0522M(accel)-G.csv",2014-12-05 17:21:03,2014-12-06 09:59:59
"G091m01","0505M","2014","/Volumes/LP_MstrData/master-data/gemma/all_penguin_tracks/raw/20141209-0505M(accel)-G.csv",2014-12-08 17:02:47,2014-12-09 09:59:50
"G095m01","1M","2014","/Volumes/LP_MstrData/master-data/gemma/all_penguin_tracks/raw/20141212-1M(accel)-G.csv",2014-12-10 17:40:32,2014-12-11 09:59:53
"G096m01","9M","2015","/Volumes/LP_MstrData/master-data/gemma/all_penguin_tracks/raw/20151001-9M.csv",2015-09-29 10:57:35,2015-09-30 10:59:46
"G097m01","0704M","2015","/Volumes/LP_MstrData/master-data/gemma/all_penguin_tracks/raw/20151001-0704M.csv",2015-09-29 10:58:05,2015-09-30 10:59:35
"G098f01","7F","2015","/Volumes/LP_MstrData/master-data/gemma/all_penguin_tracks/raw/20151001-7F.csv",2015-09-29 10:58:07,2015-09-30 10:59:45
"G099f01","11F","2015","/Volumes/LP_MstrData/master-data/gemma/all_penguin_tracks/raw/20151001-11F.csv",2015-09-29 10:58:23,2015-09-30 10:59:58
"G100f01","0710F","2015","/Volumes/LP_MstrData/master-data/gemma/all_penguin_tracks/raw/20151001-0710F.csv",2015-09-29 11:12:01,2015-09-30 10:59:59
"G098m01","7M","2015","/Volumes/LP_MstrData/master-data/gemma/all_penguin_tracks/raw/20151001-7M.csv",2015-09-29 11:12:17,2015-09-30 10:59:47
"G096f01","9F","2015","/Volumes/LP_MstrData/master-data/gemma/all_penguin_tracks/raw/20151001-9F.csv",2015-09-29 18:00:58,2015-09-30 10:58:47
"G101f01","0514F","2015","/Volumes/LP_MstrData/master-data/gemma/all_penguin_tracks/raw/20151001-0514F.csv",2015-09-29 18:02:29,2015-09-30 09:59:58
"G102f01","26F","2015","/Volumes/LP_MstrData/master-data/gemma/all_penguin_tracks/raw/20151001-26F.csv",2015-09-29 18:03:31,2015-09-30 10:59:48
"G103m01","6M","2015","/Volumes/LP_MstrData/master-data/gemma/all_penguin_tracks/raw/20151001-6M(1).csv",2015-09-29 18:03:37,2015-09-30 09:59:47
"G104f01","0517F","2015","/Volumes/LP_MstrData/master-data/gemma/all_penguin_tracks/raw/20151001-0517F.csv",2015-09-29 18:10:07,2015-09-30 09:59:55
"G105f01","0544F","2015","/Volumes/LP_MstrData/master-data/gemma/all_penguin_tracks/raw/20151001-0544F.csv",2015-09-29 18:13:54,2015-09-30 09:59:58
"G106m01","17M","2015","/Volumes/LP_MstrData/master-data/gemma/all_penguin_tracks/raw/20151001-17M.csv",2015-09-29 18:28:56,2015-09-30 10:59:48
"G104m01","0517M","2015","/Volumes/LP_MstrData/master-data/gemma/all_penguin_tracks/raw/20151002-0517M.csv",2015-09-30 11:17:44,2015-10-01 09:59:38
"G098m02","7M","2015","/Volumes/LP_MstrData/master-data/gemma/all_penguin_tracks/raw/20151002-7M.csv",2015-09-30 18:04:06,2015-10-01 10:59:50
"G103f01","6F","2015","/Volumes/LP_MstrData/master-data/gemma/all_penguin_tracks/raw/20151002-6F.csv",2015-09-30 18:04:36,2015-10-01 09:59:40
"G097f01","0704F","2015","/Volumes/LP_MstrData/master-data/gemma/all_penguin_tracks/raw/20151002-0704F.csv",2015-09-30 18:08:20,2015-10-01 09:59:57
"G100m01","0710M","2015","/Volumes/LP_MstrData/master-data/gemma/all_penguin_tracks/raw/20151002-0710M.csv",2015-09-30 18:08:56,2015-10-01 09:59:51
"G099m01","11M","2015","/Volumes/LP_MstrData/master-data/gemma/all_penguin_tracks/raw/20151005-11M.csv",2015-09-30 18:09:24,2015-10-02 04:22:19
"G102m01","26M","2015","/Volumes/LP_MstrData/master-data/gemma/all_penguin_tracks/raw/20151002-26M.csv",2015-09-30 18:16:00,2015-10-01 09:59:56
"G107f01","0524F","2015","/Volumes/LP_MstrData/master-data/gemma/all_penguin_tracks/raw/20151004-0524F.csv",2015-10-01 18:01:33,2015-10-03 02:21:45
"G108m01","0539M","2015","/Volumes/LP_MstrData/master-data/gemma/all_penguin_tracks/raw/20151003-0539M.csv",2015-10-01 18:01:51,2015-10-02 09:57:37
"G101m01","0514M","2015","/Volumes/LP_MstrData/master-data/gemma/all_penguin_tracks/raw/20151003-0514M.csv",2015-10-01 18:02:22,2015-10-02 10:59:53
"G109f01","X3F","2015","/Volumes/LP_MstrData/master-data/gemma/all_penguin_tracks/raw/20151003-X3F.csv",2015-10-01 18:11:34,2015-10-02 09:59:50
"G110f01","X2F","2015","/Volumes/LP_MstrData/master-data/gemma/all_penguin_tracks/raw/20151003-X2F.csv",2015-10-01 18:19:52,2015-10-02 09:59:44
"G111m01","0519M","2015","/Volumes/LP_MstrData/master-data/gemma/all_penguin_tracks/raw/20151003-0519M.csv",2015-10-01 18:25:07,2015-10-02 09:59:52
"G112f01","0546F","2015","/Volumes/LP_MstrData/master-data/gemma/all_penguin_tracks/raw/20151004-0546F.csv",2015-10-01 18:39:35,2015-10-03 03:30:19
"G113m01","0504M","2015","/Volumes/LP_MstrData/master-data/gemma/all_penguin_tracks/raw/20151003-0504M.csv",2015-10-01 18:51:33,2015-10-02 09:59:52
"G114f01","4F","2015","/Volumes/LP_MstrData/master-data/gemma/all_penguin_tracks/raw/20151007-4F.csv",2015-10-01 19:07:46,2015-10-06 08:59:41
"G103f02","6F","2015","/Volumes/LP_MstrData/master-data/gemma/all_penguin_tracks/raw/20151004-6F.csv",2015-10-02 18:01:52,2015-10-03 09:59:51
"G110m01","X2M","2015","/Volumes/LP_MstrData/master-data/gemma/all_penguin_tracks/raw/20151004-X2M.csv",2015-10-02 18:02:03,2015-10-03 09:59:49
"G109m01","X3M","2015","/Volumes/LP_MstrData/master-data/gemma/all_penguin_tracks/raw/20151004-X3M.csv",2015-10-02 18:02:03,2015-10-03 09:59:49
"G101f02","0514F","2015","/Volumes/LP_MstrData/master-data/gemma/all_penguin_tracks/raw/20151004-0514F.csv",2015-10-02 18:02:04,2015-10-03 09:26:26
"G108f01","0539F","2015","/Volumes/LP_MstrData/master-data/gemma/all_penguin_tracks/raw/20151005-0539F.csv",2015-10-02 18:02:22,2015-10-04 00:47:23
"G105m01","0544M","2015","/Volumes/LP_MstrData/master-data/gemma/all_penguin_tracks/raw/20151004-0544M.csv",2015-10-02 18:02:28,2015-10-03 09:59:43
"G106f01","17F","2015","/Volumes/LP_MstrData/master-data/gemma/all_penguin_tracks/raw/20151004-17F.csv",2015-10-02 18:02:37,2015-10-03 09:59:41
"G113f01","0504F","2015","/Volumes/LP_MstrData/master-data/gemma/all_penguin_tracks/raw/20151004-0504F.csv",2015-10-02 18:04:04,2015-10-03 09:42:58
"G112m01","0546M","2015","/Volumes/LP_MstrData/master-data/gemma/all_penguin_tracks/raw/20151005-0546M.csv",2015-10-02 18:04:36,2015-10-04 05:24:39
"G115f01","0529F","2015","/Volumes/LP_MstrData/master-data/gemma/all_penguin_tracks/raw/20151004-0529F.csv",2015-10-02 18:19:22,2015-10-03 09:59:51
"G112f02","0546F","2015","/Volumes/LP_MstrData/master-data/gemma/all_penguin_tracks/raw/20151005-0546F.csv",2015-10-03 17:02:22,2015-10-04 08:59:57
"G116f01","20F","2015","/Volumes/LP_MstrData/master-data/gemma/all_penguin_tracks/raw/20151006-20F.csv",2015-10-04 04:45:42,2015-10-05 08:59:49
"G114m01","4M","2015","/Volumes/LP_MstrData/master-data/gemma/all_penguin_tracks/raw/20151006-4M.csv",2015-10-04 17:02:34,2015-10-05 08:59:01
"G117f01","13F","2015","/Volumes/LP_MstrData/master-data/gemma/all_penguin_tracks/raw/20151006-13F.csv",2015-10-04 17:02:53,2015-10-05 08:59:06
"G118m01","40M","2015","/Volumes/LP_MstrData/master-data/gemma/all_penguin_tracks/raw/20151006-40M.csv",2015-10-04 17:19:52,2015-10-05 08:59:43
"G119f01","0701F","2015","/Volumes/LP_MstrData/master-data/gemma/all_penguin_tracks/raw/20151006-0701F.csv",2015-10-04 17:20:34,2015-10-05 08:59:50
"G118f01","40F","2015","/Volumes/LP_MstrData/master-data/gemma/all_penguin_tracks/raw/20151007-40F.csv",2015-10-05 17:01:33,2015-10-06 08:59:45
"G119m01","0701M","2015","/Volumes/LP_MstrData/master-data/gemma/all_penguin_tracks/raw/20151007-0701M.csv",2015-10-05 17:01:58,2015-10-06 08:59:37
"G117m01","13M","2015","/Volumes/LP_MstrData/master-data/gemma/all_penguin_tracks/raw/20151007-13M.csv",2015-10-06 17:24:45,2015-10-07 09:59:58
"G116m01","20M","2015","/Volumes/LP_MstrData/master-data/gemma/all_penguin_tracks/raw/20151009-20M.csv",2015-10-07 17:27:35,2015-10-08 06:51:25
"G120f01","23F","2016","/Volumes/LP_MstrData/master-data/gemma/all_penguin_tracks/raw/20160918-23F.csv",2016-09-17 11:07:07,2016-09-18 04:42:17
"G121m01","14M","2016","/Volumes/LP_MstrData/master-data/gemma/all_penguin_tracks/raw/20160919-14M.csv",2016-09-18 18:02:29,2016-09-19 09:59:55
"G120m01","23M","2016","/Volumes/LP_MstrData/master-data/gemma/all_penguin_tracks/raw/20160919-23M.csv",2016-09-18 18:24:38,2016-09-19 09:59:51
"G120f02","23F","2016","/Volumes/LP_MstrData/master-data/gemma/all_penguin_tracks/raw/20160920-23F.csv",2016-09-19 18:02:52,2016-09-20 04:40:50
"G121f01","14F","2016","/Volumes/LP_MstrData/master-data/gemma/all_penguin_tracks/raw/20160920-14F.csv",2016-09-19 18:30:20,2016-09-20 05:21:14
"G121m02","14M","2016","/Volumes/LP_MstrData/master-data/gemma/all_penguin_tracks/raw/20160921-14M.csv",2016-09-20 18:02:57,2016-09-21 04:43:08
"G120m02","23M","2016","/Volumes/LP_MstrData/master-data/gemma/all_penguin_tracks/raw/20160921-23M.csv",2016-09-20 18:06:31,2016-09-21 06:22:52
"G121f02","14F","2016","/Volumes/LP_MstrData/master-data/gemma/all_penguin_tracks/raw/20160926-14F.csv",2016-09-25 18:48:23,2016-09-26 05:18:27
"G121m03","14M","2016","/Volumes/LP_MstrData/master-data/gemma/all_penguin_tracks/raw/20160927-14M.csv",2016-09-26 18:23:45,2016-09-27 04:04:58
"G120m03","23M","2016","/Volumes/LP_MstrData/master-data/gemma/all_penguin_tracks/raw/20160927-23M.csv",2016-09-26 18:35:29,2016-09-27 05:11:58
"G121f03","14F","2016","/Volumes/LP_MstrData/master-data/gemma/all_penguin_tracks/raw/20160928-14F.csv",2016-09-27 18:01:34,2016-09-28 04:48:49
"G122f01","8F","2016","/Volumes/LP_MstrData/master-data/gemma/all_penguin_tracks/raw/20160928-8F.csv",2016-09-27 18:02:38,2016-09-28 05:20:27
"G120f03","23F","2016","/Volumes/LP_MstrData/master-data/gemma/all_penguin_tracks/raw/20160928-23F.csv",2016-09-27 18:02:55,2016-09-28 04:12:08
"G120m04","23M","2016","/Volumes/LP_MstrData/master-data/gemma/all_penguin_tracks/raw/20160929-23M.csv",2016-09-28 18:02:05,2016-09-29 03:59:05
"G121m04","14M","2016","/Volumes/LP_MstrData/master-data/gemma/all_penguin_tracks/raw/20160929-14M.csv",2016-09-28 18:02:33,2016-09-29 05:31:08
"G122m01","8M","2016","/Volumes/LP_MstrData/master-data/gemma/all_penguin_tracks/raw/20160929-8M.csv",2016-09-28 18:03:52,2016-09-29 04:19:49
"G123f01","6F","2016","/Volumes/LP_MstrData/master-data/gemma/all_penguin_tracks/raw/20160929-6F.csv",2016-09-28 18:06:35,2016-09-29 04:42:37
"G123m01","6M","2016","/Volumes/LP_MstrData/master-data/gemma/all_penguin_tracks/raw/20160930-6M.csv",2016-09-29 18:02:20,2016-09-30 04:59:50
"G122f02","8F","2016","/Volumes/LP_MstrData/master-data/gemma/all_penguin_tracks/raw/20160930-8F.csv",2016-09-29 18:02:28,2016-09-30 03:37:39
"G120f04","23F","2016","/Volumes/LP_MstrData/master-data/gemma/all_penguin_tracks/raw/20160930-23F.csv",2016-09-29 18:03:02,2016-09-30 04:16:17
"G122m02","8M","2016","/Volumes/LP_MstrData/master-data/gemma/all_penguin_tracks/raw/20161001-8M.csv",2016-09-30 18:02:21,2016-10-01 05:28:08
"G123f02","6F","2016","/Volumes/LP_MstrData/master-data/gemma/all_penguin_tracks/raw/20161001-6F.csv",2016-09-30 18:02:57,2016-10-01 04:20:33
"G120m05","23M","2016","/Volumes/LP_MstrData/master-data/gemma/all_penguin_tracks/raw/20161001-23M.csv",2016-09-30 18:03:00,2016-10-01 06:11:31
"G123m02","6M","2016","/Volumes/LP_MstrData/master-data/gemma/all_penguin_tracks/raw/20161003-6M.csv",2016-10-01 18:00:33,2016-10-02 05:19:51
"G120f05","23F","2016","/Volumes/LP_MstrData/master-data/gemma/all_penguin_tracks/raw/20161003-23F.csv",2016-10-01 18:02:25,2016-10-02 05:04:13
"G124f01","17F","2016","/Volumes/LP_MstrData/master-data/gemma/all_penguin_tracks/raw/20161003-17F.csv",2016-10-01 18:02:51,2016-10-02 04:33:01
"G125f01","26F","2016","/Volumes/LP_MstrData/master-data/gemma/all_penguin_tracks/raw/20161003-26F.csv",2016-10-01 18:02:51,2016-10-02 05:10:42
"G125m01","26M","2016","/Volumes/LP_MstrData/master-data/gemma/all_penguin_tracks/raw/20161003-26M.csv",2016-10-02 18:01:33,2016-10-03 04:47:29
"G122m03","8M","2016","/Volumes/LP_MstrData/master-data/gemma/all_penguin_tracks/raw/20161004-8M.csv",2016-10-02 18:02:04,2016-10-03 05:05:23
"G124m01","17M","2016","/Volumes/LP_MstrData/master-data/gemma/all_penguin_tracks/raw/20161003-17M.csv",2016-10-02 18:02:51,2016-10-03 04:15:12
"G123f03","6F","2016","/Volumes/LP_MstrData/master-data/gemma/all_penguin_tracks/raw/20161003-6F.csv",2016-10-02 18:06:34,2016-10-03 03:55:39
"G122f03","8F","2016","/Volumes/LP_MstrData/master-data/gemma/all_penguin_tracks/raw/20161007-8F.csv",2016-10-03 18:00:53,2016-10-04 08:59:46
"G125f02","26F","2016","/Volumes/LP_MstrData/master-data/gemma/all_penguin_tracks/raw/20161004-26F.csv",2016-10-03 18:01:58,2016-10-04 04:45:27
"G123m03","6M","2016","/Volumes/LP_MstrData/master-data/gemma/all_penguin_tracks/raw/20161005-6M.csv",2016-10-03 18:02:32,2016-10-04 05:18:58
"G126m01","16M","2016","/Volumes/LP_MstrData/master-data/gemma/all_penguin_tracks/raw/20161004-16M.csv",2016-10-03 18:02:34,2016-10-04 05:21:27
"G124f02","17F","2016","/Volumes/LP_MstrData/master-data/gemma/all_penguin_tracks/raw/20161005-17F.csv",2016-10-03 18:12:18,2016-10-04 04:34:53
"G127f01","11F","2016","/Volumes/LP_MstrData/master-data/gemma/all_penguin_tracks/raw/20161005-11F.csv",2016-10-04 18:00:37,2016-10-05 03:43:41
"G126f01","16F","2016","/Volumes/LP_MstrData/master-data/gemma/all_penguin_tracks/raw/20161005-16F.csv",2016-10-04 18:01:33,2016-10-05 04:00:53
"G124m02","17M","2016","/Volumes/LP_MstrData/master-data/gemma/all_penguin_tracks/raw/20161005-17M.csv",2016-10-04 18:01:58,2016-10-05 05:20:52
"G123f04","6F","2016","/Volumes/LP_MstrData/master-data/gemma/all_penguin_tracks/raw/20161006-6F.csv",2016-10-04 18:01:59,2016-10-05 05:30:45
"G125m02","26M","2016","/Volumes/LP_MstrData/master-data/gemma/all_penguin_tracks/raw/20161005-26M.csv",2016-10-04 18:02:21,2016-10-05 04:47:32
"G122m04","8M","2016","/Volumes/LP_MstrData/master-data/gemma/all_penguin_tracks/raw/20161006-8M.csv",2016-10-04 18:18:05,2016-10-05 05:00:27
"G128f01","24F","2016","/Volumes/LP_MstrData/master-data/gemma/all_penguin_tracks/raw/20161005-24F.csv",2016-10-04 18:31:49,2016-10-05 03:54:48
"G126m02","16M","2016","/Volumes/LP_MstrData/master-data/gemma/all_penguin_tracks/raw/20161007-16M.csv",2016-10-05 18:02:03,2016-10-06 04:40:34
"G128m01","24M","2016","/Volumes/LP_MstrData/master-data/gemma/all_penguin_tracks/raw/20161007-24M.csv",2016-10-05 18:02:51,2016-10-06 02:48:15
"G125f03","26F","2016","/Volumes/LP_MstrData/master-data/gemma/all_penguin_tracks/raw/20161007-26F.csv",2016-10-05 18:03:03,2016-10-06 05:02:57
"G124f03","17F","2016","/Volumes/LP_MstrData/master-data/gemma/all_penguin_tracks/raw/20161007-17F.csv",2016-10-05 18:20:36,2016-10-06 03:32:15
"G127m01","11M","2016","/Volumes/LP_MstrData/master-data/gemma/all_penguin_tracks/raw/20161007-11M.csv",2016-10-05 18:31:28,2016-10-06 05:01:27
"G124m03","17M","2016","/Volumes/LP_MstrData/master-data/gemma/all_penguin_tracks/raw/20161008-17M.csv",2016-10-06 18:01:33,2016-10-07 03:56:23
"G125m03","26M","2016","/Volumes/LP_MstrData/master-data/gemma/all_penguin_tracks/raw/20161008-26M.csv",2016-10-06 18:02:03,2016-10-07 04:06:03
"G127f02","11F","2016","/Volumes/LP_MstrData/master-data/gemma/all_penguin_tracks/raw/20161008-11F.csv",2016-10-06 18:02:35,2016-10-07 03:41:17
"G126f02","16F","2016","/Volumes/LP_MstrData/master-data/gemma/all_penguin_tracks/raw/20161008-16F.csv",2016-10-06 18:02:35,2016-10-07 04:49:38
"G128f02","24F","2016","/Volumes/LP_MstrData/master-data/gemma/all_penguin_tracks/raw/20161008-24F.csv",2016-10-06 18:42:22,2016-10-07 04:43:20
"G126m03","16M","2016","/Volumes/LP_MstrData/master-data/gemma/all_penguin_tracks/raw/20161008-16M.csv",2016-10-07 18:01:53,2016-10-08 04:16:26
"G127m02","11M","2016","/Volumes/LP_MstrData/master-data/gemma/all_penguin_tracks/raw/20161008-11M.csv",2016-10-07 18:02:06,2016-10-08 05:05:16
"G125f04","26F","2016","/Volumes/LP_MstrData/master-data/gemma/all_penguin_tracks/raw/20161008-26F.csv",2016-10-07 18:02:33,2016-10-08 03:41:30
"G129f01","19F","2016","/Volumes/LP_MstrData/master-data/gemma/all_penguin_tracks/raw/20161008-19F.csv",2016-10-07 18:02:58,2016-10-08 04:40:04
"G128m02","24M","2016","/Volumes/LP_MstrData/master-data/gemma/all_penguin_tracks/raw/20161008-24M.csv",2016-10-07 18:02:59,2016-10-08 04:29:58
"G124f04","17F","2016","/Volumes/LP_MstrData/master-data/gemma/all_penguin_tracks/raw/20161008-17F.csv",2016-10-07 18:26:14,2016-10-08 04:12:48
"G124m04","17M","2016","/Volumes/LP_MstrData/master-data/gemma/all_penguin_tracks/raw/20161010-17M.csv",2016-10-08 18:01:58,2016-10-09 04:53:05
"G127f03","11F","2016","/Volumes/LP_MstrData/master-data/gemma/all_penguin_tracks/raw/20161010-11F.csv",2016-10-08 18:02:03,2016-10-09 03:45:04
"G126f03","16F","2016","/Volumes/LP_MstrData/master-data/gemma/all_penguin_tracks/raw/20161010-16F.csv",2016-10-08 18:02:23,2016-10-09 05:15:51
"G129m01","19M","2016","/Volumes/LP_MstrData/master-data/gemma/all_penguin_tracks/raw/20161010-19M.csv",2016-10-08 19:17:32,2016-10-09 03:12:59
"G128f03","24F","2016","/Volumes/LP_MstrData/master-data/gemma/all_penguin_tracks/raw/20161010-24F.csv",2016-10-08 19:58:22,2016-10-09 04:28:23
"G128m03","24M","2016","/Volumes/LP_MstrData/master-data/gemma/all_penguin_tracks/raw/20161011-24M.csv",2016-10-09 18:00:51,2016-10-10 04:19:50
"G126m04","16M","2016","/Volumes/LP_MstrData/master-data/gemma/all_penguin_tracks/raw/20161011-16M.csv",2016-10-09 18:01:51,2016-10-10 04:48:07
"G125f05","26F","2016","/Volumes/LP_MstrData/master-data/gemma/all_penguin_tracks/raw/20161011-26F.csv",2016-10-09 18:01:51,2016-10-10 04:32:59
"G129f02","19F","2016","/Volumes/LP_MstrData/master-data/gemma/all_penguin_tracks/raw/20161011-19F.csv",2016-10-09 18:17:21,2016-10-10 04:55:42
"G124f05","17F","2016","/Volumes/LP_MstrData/master-data/gemma/all_penguin_tracks/raw/20161011-17F.csv",2016-10-09 18:28:34,2016-10-10 03:49:26
"G127m03","11M","2016","/Volumes/LP_MstrData/master-data/gemma/all_penguin_tracks/raw/20161011-11M.csv",2016-10-09 18:31:26,2016-10-10 04:41:34
"G123f05","6F","2016","/Volumes/LP_MstrData/master-data/gemma/all_penguin_tracks/raw/20161011-6F.csv",2016-10-10 18:02:04,2016-10-11 04:49:09
"G129m02","19M","2016","/Volumes/LP_MstrData/master-data/gemma/all_penguin_tracks/raw/20161012-19M.csv",2016-10-10 18:27:58,2016-10-11 03:56:16
"G122m05","8M","2016","/Volumes/LP_MstrData/master-data/gemma/all_penguin_tracks/raw/20161012-8M.csv",2016-10-10 18:34:11,2016-10-11 03:47:57
"G123m04","6M","2016","/Volumes/LP_MstrData/master-data/gemma/all_penguin_tracks/raw/20161012-6M.csv",2016-10-11 18:02:35,2016-10-12 05:30:05
"G128m04","24M","2016","/Volumes/LP_MstrData/master-data/gemma/all_penguin_tracks/raw/20161012-24M.csv",2016-10-11 19:51:52,2016-10-12 04:07:09
"G122m06","8M","2016","/Volumes/LP_MstrData/master-data/gemma/all_penguin_tracks/raw/20161013-8M.csv",2016-10-12 18:01:57,2016-10-13 03:43:49
"G127f04","11F","2016","/Volumes/LP_MstrData/master-data/gemma/all_penguin_tracks/raw/20161014-11F.csv",2016-10-12 18:01:58,2016-10-13 04:22:07
"G129m03","19M","2016","/Volumes/LP_MstrData/master-data/gemma/all_penguin_tracks/raw/20161013-19M.csv",2016-10-12 18:02:19,2016-10-13 04:53:46
"G123f06","6F","2016","/Volumes/LP_MstrData/master-data/gemma/all_penguin_tracks/raw/20161013-6F.csv",2016-10-12 18:11:56,2016-10-13 05:01:47
"G122f04","8F","2016","/Volumes/LP_MstrData/master-data/gemma/all_penguin_tracks/raw/20161015-8F.csv",2016-10-13 18:00:33,2016-10-14 03:17:34
"G128m05","24M","2016","/Volumes/LP_MstrData/master-data/gemma/all_penguin_tracks/raw/20161015-24M.csv",2016-10-13 18:01:33,2016-10-14 04:58:04
"G123m05","6M","2016","/Volumes/LP_MstrData/master-data/gemma/all_penguin_tracks/raw/20161015-6M.csv",2016-10-13 18:02:29,2016-10-14 05:24:21
"G127m04","11M","2016","/Volumes/LP_MstrData/master-data/gemma/all_penguin_tracks/raw/20161014-11M.csv",2016-10-13 18:02:51,2016-10-14 04:31:56
"G129f03","19F","2016","/Volumes/LP_MstrData/master-data/gemma/all_penguin_tracks/raw/20161014-19F.csv",2016-10-13 18:38:50,2016-10-14 03:25:01
"G122m07","8M","2016","/Volumes/LP_MstrData/master-data/gemma/all_penguin_tracks/raw/20161016-8M.csv",2016-10-14 18:02:53,2016-10-15 04:58:35
"G128f04","24F","2016","/Volumes/LP_MstrData/master-data/gemma/all_penguin_tracks/raw/20161015-24F.csv",2016-10-14 18:04:34,2016-10-15 03:52:06
"G123f07","6F","2016","/Volumes/LP_MstrData/master-data/gemma/all_penguin_tracks/raw/20161015-6F.csv",2016-10-14 18:22:58,2016-10-15 04:33:33
"G127f05","11F","2016","/Volumes/LP_MstrData/master-data/gemma/all_penguin_tracks/raw/20161015-11F.csv",2016-10-14 18:26:57,2016-10-15 04:08:30
"G129m04","19M","2016","/Volumes/LP_MstrData/master-data/gemma/all_penguin_tracks/raw/20161016-19M.csv",2016-10-14 18:29:35,2016-10-15 05:00:38
"G129f04","19F","2016","/Volumes/LP_MstrData/master-data/gemma/all_penguin_tracks/raw/20161017-19F.csv",2016-10-15 18:01:03,2016-10-16 04:22:01
"G125f06","26F","2016","/Volumes/LP_MstrData/master-data/gemma/all_penguin_tracks/raw/20161017-26F.csv",2016-10-15 18:02:03,2016-10-16 00:00:41
"G124f06","17F","2016","/Volumes/LP_MstrData/master-data/gemma/all_penguin_tracks/raw/20161017-17F.csv",2016-10-15 18:04:34,2016-10-16 04:46:10
"G127m05","11M","2016","/Volumes/LP_MstrData/master-data/gemma/all_penguin_tracks/raw/20161017-11M.csv",2016-10-15 18:07:28,2016-10-16 04:40:55
"G125m04","26M","2016","/Volumes/LP_MstrData/master-data/gemma/all_penguin_tracks/raw/20161018-26M.csv",2016-10-16 18:02:22,2016-10-17 04:02:13
"G126m05","16M","2016","/Volumes/LP_MstrData/master-data/gemma/all_penguin_tracks/raw/20161018-16M.csv",2016-10-16 18:02:34,2016-10-17 05:30:37
"G123f08","6F","2016","/Volumes/LP_MstrData/master-data/gemma/all_penguin_tracks/raw/20161018-6F.csv",2016-10-16 18:12:24,2016-10-17 04:06:13
"G129m05","19M","2016","/Volumes/LP_MstrData/master-data/gemma/all_penguin_tracks/raw/20161018-19M.csv",2016-10-16 19:20:13,2016-10-17 04:06:30
"G124m05","17M","2016","/Volumes/LP_MstrData/master-data/gemma/all_penguin_tracks/raw/20161018-17M.csv",2016-10-16 19:26:16,2016-10-17 03:46:59
"G125f07","26F","2016","/Volumes/LP_MstrData/master-data/gemma/all_penguin_tracks/raw/20161019-26F.csv",2016-10-17 18:01:51,2016-10-18 04:50:08
"G124f07","17F","2016","/Volumes/LP_MstrData/master-data/gemma/all_penguin_tracks/raw/20161019-17F.csv",2016-10-17 18:01:58,2016-10-18 04:46:32
"G123m06","6M","2016","/Volumes/LP_MstrData/master-data/gemma/all_penguin_tracks/raw/20161019-6M.csv",2016-10-17 18:02:01,2016-10-18 05:01:08
"G129f05","19F","2016","/Volumes/LP_MstrData/master-data/gemma/all_penguin_tracks/raw/20161019-19F.csv",2016-10-17 18:32:20,2016-10-18 04:21:47
"G125m05","26M","2016","/Volumes/LP_MstrData/master-data/gemma/all_penguin_tracks/raw/20161019-26M.csv",2016-10-18 18:01:28,2016-10-19 04:39:03
"G129m06","19M","2016","/Volumes/LP_MstrData/master-data/gemma/all_penguin_tracks/raw/20161019-19M.csv",2016-10-18 18:06:58,2016-10-19 04:14:10
"G123f09","6F","2016","/Volumes/LP_MstrData/master-data/gemma/all_penguin_tracks/raw/20161019-6F.csv",2016-10-18 18:15:24,2016-10-19 04:37:24
"G124m06","17M","2016","/Volumes/LP_MstrData/master-data/gemma/all_penguin_tracks/raw/20161019-17M.csv",2016-10-18 18:38:03,2016-10-19 05:15:52
"G126f04","16F","2016","/Volumes/LP_MstrData/master-data/gemma/all_penguin_tracks/raw/20161021-16F.csv",2016-10-19 18:02:03,2016-10-20 05:12:56
"G125f08","26F","2016","/Volumes/LP_MstrData/master-data/gemma/all_penguin_tracks/raw/20161021-26F.csv",2016-10-19 18:39:07,2016-10-20 04:55:14
"G124m07","17M","2016","/Volumes/LP_MstrData/master-data/gemma/all_penguin_tracks/raw/20161021-17M.csv",2016-10-20 18:04:34,2016-10-21 04:12:12
"G126m06","16M","2016","/Volumes/LP_MstrData/master-data/gemma/all_penguin_tracks/raw/20161021-16M.csv",2016-10-20 18:15:29,2016-10-21 04:02:50
"G123f10","6F","2016","/Volumes/LP_MstrData/master-data/gemma/all_penguin_tracks/raw/20161021-6F.csv",2016-10-20 18:27:02,2016-10-21 04:16:04
"G126f05","16F","2016","/Volumes/LP_MstrData/master-data/gemma/all_penguin_tracks/raw/20161023-16F.csv",2016-10-21 18:01:33,2016-10-22 05:08:15
"G125f09","26F","2016","/Volumes/LP_MstrData/master-data/gemma/all_penguin_tracks/raw/20161023-26F.csv",2016-10-21 18:02:03,2016-10-22 04:41:11
"G125m06","26M","2016","/Volumes/LP_MstrData/master-data/gemma/all_penguin_tracks/raw/20161023-26M.csv",2016-10-22 18:01:57,2016-10-23 04:07:17
"G123f11","6F","2016","/Volumes/LP_MstrData/master-data/gemma/all_penguin_tracks/raw/20161023-6F.csv",2016-10-22 18:34:26,2016-10-23 04:25:50
"G127f06","11F","2016","/Volumes/LP_MstrData/master-data/gemma/all_penguin_tracks/raw/20161023-11F.csv",2016-10-22 18:45:36,2016-10-23 04:33:58
"G124m08","17M","2016","/Volumes/LP_MstrData/master-data/gemma/all_penguin_tracks/raw/20161023-17M.csv",2016-10-22 18:51:54,2016-10-23 03:51:04
"G128f05","24F","2016","/Volumes/LP_MstrData/master-data/gemma/all_penguin_tracks/raw/20161023-24F.csv",2016-10-22 19:49:03,2016-10-23 03:44:09
"G126m07","16M","2016","/Volumes/LP_MstrData/master-data/gemma/all_penguin_tracks/raw/20161023-16M.csv",2016-10-22 20:08:38,2016-10-23 03:40:01
"G124f08","17F","2016","/Volumes/LP_MstrData/master-data/gemma/all_penguin_tracks/raw/20161026-17F.csv",2016-10-23 18:01:03,2016-10-24 08:59:58
"G126f06","16F","2016","/Volumes/LP_MstrData/master-data/gemma/all_penguin_tracks/raw/20161024-16F.csv",2016-10-23 18:02:33,2016-10-24 05:01:38
"G123m07","6M","2016","/Volumes/LP_MstrData/master-data/gemma/all_penguin_tracks/raw/20161024-6M.csv",2016-10-23 18:03:03,2016-10-24 04:44:05
"G125f10","26F","2016","/Volumes/LP_MstrData/master-data/gemma/all_penguin_tracks/raw/20161024-26F.csv",2016-10-23 18:03:20,2016-10-24 04:37:04
"G128m06","24M","2016","/Volumes/LP_MstrData/master-data/gemma/all_penguin_tracks/raw/20161024-24M.csv",2016-10-23 18:08:45,2016-10-24 04:48:11
"G127m06","11M","2016","/Volumes/LP_MstrData/master-data/gemma/all_penguin_tracks/raw/20161024-11M.csv",2016-10-23 20:12:06,2016-10-24 05:22:24
"G125m07","26M","2016","/Volumes/LP_MstrData/master-data/gemma/all_penguin_tracks/raw/20161026-26M.csv",2016-10-24 18:01:51,2016-10-25 04:06:48
"G124m09","17M","2016","/Volumes/LP_MstrData/master-data/gemma/all_penguin_tracks/raw/20161025-17M.csv",2016-10-24 18:02:04,2016-10-25 05:18:55
"G129m07","19M","2016","/Volumes/LP_MstrData/master-data/gemma/all_penguin_tracks/raw/20161025-19M.csv",2016-10-24 18:02:51,2016-10-25 04:54:18
"G123f12","6F","2016","/Volumes/LP_MstrData/master-data/gemma/all_penguin_tracks/raw/20161025-6F.csv",2016-10-24 18:02:53,2016-10-25 06:58:46
"G128f06","24F","2016","/Volumes/LP_MstrData/master-data/gemma/all_penguin_tracks/raw/20161025-24F.csv",2016-10-24 18:03:22,2016-10-25 04:10:07
"G127f07","11F","2016","/Volumes/LP_MstrData/master-data/gemma/all_penguin_tracks/raw/20161025-11F.csv",2016-10-24 18:39:51,2016-10-25 04:26:52
"G126m08","16M","2016","/Volumes/LP_MstrData/master-data/gemma/all_penguin_tracks/raw/20161025-16M.csv",2016-10-24 18:51:45,2016-10-25 04:19:36
"G127m07","11M","2016","/Volumes/LP_MstrData/master-data/gemma/all_penguin_tracks/raw/20161026-11M.csv",2016-10-25 18:01:52,2016-10-26 05:27:15
"G125f11","26F","2016","/Volumes/LP_MstrData/master-data/gemma/all_penguin_tracks/raw/20161026-26F.csv",2016-10-25 18:02:02,2016-10-26 04:51:51
"G129f06","19F","2016","/Volumes/LP_MstrData/master-data/gemma/all_penguin_tracks/raw/20161027-19F.csv",2016-10-25 18:05:45,2016-10-26 04:30:28
"G128m07","24M","2016","/Volumes/LP_MstrData/master-data/gemma/all_penguin_tracks/raw/20161026-24M.csv",2016-10-25 18:21:53,2016-10-26 05:00:57
"G123m08","6M","2016","/Volumes/LP_MstrData/master-data/gemma/all_penguin_tracks/raw/20161028-6M.csv",2016-10-26 18:00:34,2016-10-27 04:10:04
"G125m08","26M","2016","/Volumes/LP_MstrData/master-data/gemma/all_penguin_tracks/raw/20161027-26M.csv",2016-10-26 18:02:32,2016-10-27 04:12:35
"G124f09","17F","2016","/Volumes/LP_MstrData/master-data/gemma/all_penguin_tracks/raw/20161027-17F.csv",2016-10-26 18:07:57,2016-10-27 04:43:55
"G126f07","16F","2016","/Volumes/LP_MstrData/master-data/gemma/all_penguin_tracks/raw/20161027-16F.csv",2016-10-26 18:13:45,2016-10-27 04:00:57
"G127f08","11F","2016","/Volumes/LP_MstrData/master-data/gemma/all_penguin_tracks/raw/20161027-11F.csv",2016-10-26 18:44:20,2016-10-27 04:22:54
"G129m08","19M","2016","/Volumes/LP_MstrData/master-data/gemma/all_penguin_tracks/raw/20161027-19M.csv",2016-10-26 19:25:37,2016-10-27 05:20:08
"G128f07","24F","2016","/Volumes/LP_MstrData/master-data/gemma/all_penguin_tracks/raw/20161028-24F.csv",2016-10-26 19:58:05,2016-10-27 04:41:07
"G127m08","11M","2016","/Volumes/LP_MstrData/master-data/gemma/all_penguin_tracks/raw/20161029-11M.csv",2016-10-27 18:01:03,2016-10-28 05:35:48
"G123f13","6F","2016","/Volumes/LP_MstrData/master-data/gemma/all_penguin_tracks/raw/20161028-6F.csv",2016-10-27 18:01:53,2016-10-28 05:16:23
"G125f12","26F","2016","/Volumes/LP_MstrData/master-data/gemma/all_penguin_tracks/raw/20161028-26F.csv",2016-10-27 18:03:03,2016-10-28 04:34:58
"G126m09","16M","2016","/Volumes/LP_MstrData/master-data/gemma/all_penguin_tracks/raw/20161028-16M.csv",2016-10-27 18:32:04,2016-10-28 04:13:58
"G129f07","19F","2016","/Volumes/LP_MstrData/master-data/gemma/all_penguin_tracks/raw/20161028-19F.csv",2016-10-27 18:35:51,2016-10-28 05:18:43
"G123m09","6M","2016","/Volumes/LP_MstrData/master-data/gemma/all_penguin_tracks/raw/20161031-6M.csv",2016-10-28 18:01:59,2016-10-29 05:27:57
"G125m09","26M","2016","/Volumes/LP_MstrData/master-data/gemma/all_penguin_tracks/raw/20161031-26M.csv",2016-10-28 18:02:34,2016-10-29 05:35:15
"G124m10","17M","2016","/Volumes/LP_MstrData/master-data/gemma/all_penguin_tracks/raw/20161029-17M.csv",2016-10-28 18:10:50,2016-10-29 04:18:33
"G127f09","11F","2016","/Volumes/LP_MstrData/master-data/gemma/all_penguin_tracks/raw/20161031-11F.csv",2016-10-28 18:14:33,2016-10-29 04:42:14
"G128m08","24M","2016","/Volumes/LP_MstrData/master-data/gemma/all_penguin_tracks/raw/20161029-24M.csv",2016-10-28 18:16:04,2016-10-29 04:15:37
"G126f08","16F","2016","/Volumes/LP_MstrData/master-data/gemma/all_penguin_tracks/raw/20161029-16F.csv",2016-10-28 18:39:55,2016-10-29 05:40:13
"G126m10","16M","2016","/Volumes/LP_MstrData/master-data/gemma/all_penguin_tracks/raw/20161031-16M.csv",2016-10-29 18:26:51,2016-10-30 04:47:39
"G127m09","11M","2016","/Volumes/LP_MstrData/master-data/gemma/all_penguin_tracks/raw/20161031-11M.csv",2016-10-29 18:27:40,2016-10-30 03:57:45
"G123f14","6F","2016","/Volumes/LP_MstrData/master-data/gemma/all_penguin_tracks/raw/20161031-6F.csv",2016-10-29 18:39:28,2016-10-30 04:48:58
"G128f08","24F","2016","/Volumes/LP_MstrData/master-data/gemma/all_penguin_tracks/raw/20161101-24F.csv",2016-10-29 18:42:24,2016-10-30 03:35:00
"G129m09","19M","2016","/Volumes/LP_MstrData/master-data/gemma/all_penguin_tracks/raw/20161101-19M.csv",2016-10-30 18:26:27,2016-10-31 00:43:16
"G128m09","24M","2016","/Volumes/LP_MstrData/master-data/gemma/all_penguin_tracks/raw/20161101-24M.csv",2016-10-30 18:26:28,2016-10-31 04:45:18
"G125m10","26M","2016","/Volumes/LP_MstrData/master-data/gemma/all_penguin_tracks/raw/20161101-26M.csv",2016-10-30 19:03:31,2016-10-31 05:25:26
